Reference, Quantity, Value, Footprint, Datasheet, Mfr. #, Order, Voltage, Alt
C1 C2 C13 ,3,"0.01uF","Capacitor_SMD:C_0603_1608Metric_Pad1.08x0.95mm_HandSolder","~","CL10B103KB8NNNC","https://www.digikey.com/en/products/detail/samsung-electro-mechanics/CL10B103KB8NNNC/3886667","50V",""
C14 C28 C44 ,3,"1uF","Capacitor_SMD:C_0603_1608Metric_Pad1.08x0.95mm_HandSolder","~","CL10B105KP8NFNC","https://www.digikey.com/product-detail/en/samsung-electro-mechanics/CL10B105KP8NFNC/1276-1945-1-ND/3890031","10V",""
C3 C15 ,2,"4.7uF","Capacitor_SMD:C_0603_1608Metric_Pad1.08x0.95mm_HandSolder","~","C1608X7S1A475K080AC","https://www.digikey.com/product-detail/en/tdk-corporation/C1608X7S1A475K080AC/445-14258-1-ND/3955924","10V",""
C39 ,1,"4.7nF","Capacitor_SMD:C_0603_1608Metric_Pad1.08x0.95mm_HandSolder","~","885012206087","https://www.digikey.com/product-detail/en/w%C3%BCrth-elektronik/885012206087/732-8005-1-ND/5454632","50V",""
C45 ,1,"10uF","Capacitor_SMD:C_0603_1608Metric_Pad1.08x0.95mm_HandSolder","~","CL10X106MO8NRNC","https://www.digikey.com/product-detail/en/samsung-electro-mechanics/CL10X106MO8NRNC/1276-6769-1-ND/5961628","16V",""
C4 C5 C6 C7 C8 C9 C10 C11 C12 C16 C17 C18 C19 C20 C21 C29 C30 C31 C32 C33 C34 C35 C36 C37 C38 C40 C43 ,27,"0.1uF","Capacitor_SMD:C_0603_1608Metric_Pad1.08x0.95mm_HandSolder","~","CL10B104KA8NNNC","https://www.digikey.com/product-detail/en/samsung-electro-mechanics/CL10B104KA8NNNC/1276-1006-1-ND/3889092","25V",""
D1 ,1,"LED_SMD_RED","LED_SMD:LED_0603_1608Metric_Pad1.05x0.95mm_HandSolder","https://katalog.we-online.de/led/datasheet/150060RS75000.pdf","150060RS75000","https://www.digikey.com/product-detail/en/w%C3%BCrth-elektronik/150060RS75000/732-4978-1-ND/4489899","",""
D2 ,1,"LED_SMD_GREEN","LED_SMD:LED_0603_1608Metric_Pad1.05x0.95mm_HandSolder","https://katalog.we-online.de/led/datasheet/150060VS75000.pdf","150060VS75000","https://www.digikey.com/product-detail/en/w%C3%BCrth-elektronik/150060VS75000/732-4980-1-ND/4489904","",""
D3 D4 D5 ,3,"LED_SMD_YELLOW","LED_SMD:LED_0603_1608Metric_Pad1.05x0.95mm_HandSolder","https://www.digikey.com/Web%20Export/Common/icons/datasheet.png","150060YS75000","https://www.digikey.com/product-detail/en/w%C3%BCrth-elektronik/150060YS75000/732-4981-1-ND/4489907","",""
D6 D7 D8 ,3,"ESD9B5.0ST5G","Diode_SMD:D_SOD-923","https://www.onsemi.com/pub/Collateral/ESD9B-D.PDF","ESD9B5.0ST5G","https://www.digikey.com/product-detail/en/on-semiconductor/ESD9B5-0ST5G/ESD9B5-0ST5GOSCT-ND/1646497","",""
D9 ,1,"NUP2105L","Package_TO_SOT_SMD:SOT-23","http://www.onsemi.com/pub_link/Collateral/NUP2105L-D.PDF","NUP2105LT1G","https://www.digikey.com/product-detail/en/on-semiconductor/NUP2105LT1G/NUP2105LT1GOSCT-ND/1485001","",""
H1 H2 H3 H4 ,4,"MountingHole_Pad","MountingHole:MountingHole_3.2mm_M3_Pad_Via","~"
H5 H6 H7 ,3,"MountingHole","MountingHole:MountingHole_2.7mm","~"
J1 ,1,"Conn_02x20_Odd_Even","Connector_PinHeader_2.54mm:PinHeader_2x20_P2.54mm_Vertical","~","ESQ-120-13-T-D","https://www.digikey.com/product-detail/en/samtec-inc/ESQ-120-13-T-D/ESQ-120-13-T-D-ND/7098677","",""
J13 ,1,"Conn_01x04_Male","Connector_PinHeader_2.54mm:PinHeader_1x04_P2.54mm_Vertical","~","PREC004SBAN-M71RC","https://www.digikey.com/product-detail/en/sullins-connector-solutions/PREC004SBAN-M71RC/S1112EC-04-ND/2774930","",""
J3 ,1,"JST socket 6-pin 1mm pitch JST SH SM06B-SRSS-TB","Connector_JST:JST_SH_SM06B-SRSS-TB_1x06-1MP_P1.00mm_Horizontal","~","SM06B-SRSS-TB(LF)(SN)","https://www.digikey.com/product-detail/en/jst-sales-america-inc/SM06B-SRSS-TB-LF-SN/455-1806-1-ND/926877","",""
J4 J7 J12 ,3,"Conn_01x05","Connector_PinHeader_2.54mm:PinHeader_1x05_P2.54mm_Vertical","~","PH1-05-UA","https://www.digikey.com/product-detail/en/adam-tech/PH1-05-UA/2057-PH1-05-UA-ND/9830343","",""
J5 J6 J9 J10 J11 ,5,"Conn_01x02","Connector_PinHeader_2.54mm:PinHeader_1x02_P2.54mm_Vertical","~","PREC002SAAN-RC","https://www.digikey.com/product-detail/en/sullins-connector-solutions/PREC002SAAN-RC/S1012EC-02-ND/2774852","",""
R1 R8 R16 R17 R18 R29 R30 R31 R32 R33 R34 R35 R36 R37 R38 R42 R43 R44 ,18,"0","Resistor_SMD:R_0603_1608Metric_Pad0.98x0.95mm_HandSolder","~","RK73Z1JTTD","https://www.digikey.com/product-detail/en/koa-speer-electronics-inc/RK73Z1JTTD/2019-RK73Z1JTTDCT-ND/9847522","",""
R9 R10 R11 R12 ,4,"DNP","Resistor_SMD:R_0603_1608Metric_Pad0.98x0.95mm_HandSolder","~"
R15 ,1,"8.85K","Resistor_SMD:R_0603_1608Metric_Pad0.98x0.95mm_HandSolder","~","RMCF0603FT8K87","https://www.digikey.com/product-detail/en/stackpole-electronics-inc/RMCF0603FT8K87/RMCF0603FT8K87CT-ND/1943053","",""
R2 R3 R4 R7 ,4,"10m","Resistor_SMD:R_0603_1608Metric_Pad0.98x0.95mm_HandSolder","~","ERJ-3LWJR010V","https://www.digikey.com/product-detail/en/panasonic-electronic-components/ERJ-3LWJR010V/P19190CT-ND/6004545","",""
R19 R20 R21 R22 R23 ,5,"49.9","Resistor_SMD:R_0603_1608Metric_Pad0.98x0.95mm_HandSolder","https://www.mouser.com/datasheet/2/392/susumu_RR_Data_Sheet-1206438.pdf","RR0816Q-49R9-D-68R ","https://www.mouser.com/ProductDetail/Susumu/RR0816Q-49R9-D-68R?qs=sGAEpiMZZMvdGkrng054t0uOsFOTJMhbzihXfnlCLAU%3D","",""
R24 R25 R26 R27 R28 ,5,"330","Resistor_SMD:R_0603_1608Metric_Pad0.98x0.95mm_HandSolder","https://www.mouser.com/datasheet/2/427/dcrcwe3-1762152.pdf","CRCW0603330RJNEA","https://www.mouser.com/ProductDetail/Vishay-Dale/CRCW0603330RJNEA?qs=sGAEpiMZZMvdGkrng054txEw7b1YnvGuOZy2K9Wfq5k%3D","",""
R39 R40 ,2,"60.4","Resistor_SMD:R_0603_1608Metric_Pad0.98x0.95mm_HandSolder","~","RMCF0603FT60R4","https://www.digikey.com/product-detail/en/stackpole-electronics-inc/RMCF0603FT60R4/RMCF0603FT60R4CT-ND/2418105","",""
R45 R46 R47 R48 R49 R50 R51 R52 ,8,"47K","Resistor_SMD:R_0603_1608Metric_Pad0.98x0.95mm_HandSolder","https://www.bourns.com/docs/Product-Datasheets/CHPREZTR.pdf","CR0603-FX-4702ELF","https://www.digikey.com/product-detail/en/bourns-inc/CR0603-FX-4702ELF/CR0603-FX-4702ELFCT-ND/3925317","",""
R5 R6 R14 R41 ,4,"100K","Resistor_SMD:R_0603_1608Metric_Pad0.98x0.95mm_HandSolder","~","RMCF0603FT100K","https://www.digikey.com/en/products/detail/stackpole-electronics-inc/RMCF0603FT100K/1761112","",""
SW1 ,1,"SW_DIP_x01","Button_Switch_SMD:SW_DIP_SPSTx01_Slide_Copal_CHS-01B_W7.62mm_P1.27mm","https://www.nidec-copal-electronics.com/e/catalog/switch/chs.pdf","CHS-01TB","https://www.digikey.com/product-detail/en/nidec-copal-electronics/CHS-01TB/563-1004-1-ND/948403","",""
SW2 ,1,"SW_Push","Button_Switch_SMD:SW_SPST_TL3305A","https://sten-eswitch-13110800-production.s3.amazonaws.com/system/asset/product_line/data_sheet/213/TL3305.pdf","TL3305AF260QG","https://www.digikey.com/product-detail/en/e-switch/TL3305AF260QG/EG5353CT-ND/5816198","",""
TH1 TH2 TH3 TH4 TH5 TH6 TH7 TH8 ,8,"Thermistor_NTC","Connector_PinHeader_1.27mm:PinHeader_1x02_P1.27mm_Vertical","https://www.murata.com/~/media/webrenewal/support/library/catalog/products/thermistor/ntc/r44e.ashx?la=en-us","NXFT15WB473FA2B150","https://www.digikey.com/product-detail/en/murata-electronics/NXFT15WB473FA2B150/490-14853-ND/6606459","",""
TP7 TP10 TP11 TP12 TP13 ,5,"TP_tht_1x1","TestPoint:TestPoint_THTPad_1.0x1.0mm_Drill0.5mm","~"
TP14 TP15 TP16 TP26 TP27 TP28 TP29 TP30 TP33 TP34 TP35 TP36 TP43 TP44 TP45 TP48 TP49 TP50 TP52 TP53 TP54 TP56 TP57 ,23,"TP_smt_1x1","TestPoint:TestPoint_Pad_1.0x1.0mm","~"
TP1 TP2 TP3 TP4 TP5 TP6 TP8 TP9 ,8,"TP_smt_1x1","TestPoint:TestPoint_THTPad_1.0x1.0mm_Drill0.5mm","~"
TP31 TP32 ,2,"TP_1.5x1.5","TestPoint:TestPoint_THTPad_1.5x1.5mm_Drill0.7mm","~"
TP37 TP39 ,2,"TP_1.5x1.5","TestPoint:TestPoint_THTPad_1.0x1.0mm_Drill0.5mm","~"
U1 ,1,"STM32L496ZGTx","Package_QFP:LQFP-144_20x20mm_P0.5mm","http://www.st.com/st-web-ui/static/active/en/resource/technical/document/datasheet/DM00284211.pdf","STM32L496ZGT3","https://www.digikey.com/product-detail/en/stmicroelectronics/STM32L496ZGT3/497-17177-ND/6709882","",""
U10 ,1,"BMG250","Package_LGA:Bosch_LGA-14_3x2.5mm_P0.5mm","https://ae-bst.resource.bosch.com/media/_tech/media/datasheets/BST-BMG250-DS000.pdf","BMG250","https://www.digikey.com/product-detail/en/bosch-sensortec/BMG250/828-1065-1-ND/6187900","",""
U11 U12 ,2,"74LVC1G07","Package_TO_SOT_SMD:SOT-353_SC-70-5_Handsoldering","http://www.ti.com/lit/sg/scyt129e/scyt129e.pdf","74LVC1G07GW,125","https://www.digikey.com/product-detail/en/nexperia-usa-inc/74LVC1G07GW-125/1727-3099-1-ND/946756","","https://www.digikey.com/product-detail/en/texas-instruments/SN74LVC1G07DCKR/296-8486-1-ND/377456"
U2 ,1,"MR25H10","Package_DFN_QFN:DFN-8-1EP_6x5mm_P1.27mm_EP2x2mm","https://media.digikey.com/pdf/Data%20Sheets/EverSpin%20Technologies/MR25H40_Datasheet_Rev6.pdf","MR25H10MDF","https://www.digikey.com/product-detail/en/everspin-technologies-inc/MR25H10MDF/819-1042-ND/4047457","",""
U3 ,1,"TPL5010","Package_TO_SOT_SMD:SOT-23-6","http://www.ti.com/lit/ds/symlink/tpl5010.pdf","TPL5010DDCR","https://www.digikey.com/product-detail/en/texas-instruments/TPL5010DDCR/296-44392-1-ND/6110660","",""
U4 ,1,"MLX75306","Package_SO:SOIC-16_3.9x9.9mm_P1.27mm","","MLX75306KXZ-BAA-000-RE","https://www.digikey.com/product-detail/en/melexis-technologies-nv/MLX75306KXZ-BAA-000-RE/MLX75306KXZ-BAA-000-RECT-ND/3640931","",""
U5 U6 U7 ,3,"DRV8838","Package_SON:WSON-8-1EP_2x2mm_P0.5mm_EP0.9x1.6mm","http://www.ti.com/lit/ds/symlink/drv8837.pdf","DRV8838DSGR","https://www.digikey.com/product-detail/en/texas-instruments/DRV8838DSGR/296-40081-1-ND/5177958","",""
U8 ,1,"SN65HVD230","Package_SO:SOIC-8_3.9x4.9mm_P1.27mm","http://www.ti.com/lit/ds/symlink/sn65hvd230.pdf","SN65HVD230QDRG4Q1","https://www.digikey.com/product-detail/en/texas-instruments/SN65HVD230QDG4/296-26342-5-ND/1900402","",""
U9 ,1,"MMC5983MA","Package_LGA:LGA-16_3x3mm_P0.5mm","https://media.digikey.com/pdf/Data%20Sheets/MEMSIC%20PDFs/MMC5983MA_RevA_4-3-19.pdf","MMC5983MA","https://www.digikey.com/product-detail/en/memsic-inc/MMC5983MA/1267-MMC5983MACT-ND/10452801","",""
X1 ,1,"TG-3541CE","footprint_custom:Oscillator_SMD_SeikoEpson_TG3541CE-10Pin_3.2x2.5mm_HandSoldering","https://support.epson.biz/td/api/doc_check.php?dl=brief_TG-3541CE&lang=en","TG-3541CE 32.7680KXA3","https://www.digikey.com/product-detail/en/epson/TG-3541CE-32-7680KXA3/SER4421CT-ND/10239844","",""
X2 ,1,"ECS-TXO-2016","footprint_custom:Oscillator_SMD_ECS_TXO-2016-xx-xxx-4Pin_2.0x1.6mm","https://ecsxtal.com/store/pdf/ECS-TXO-2016.pdf","ECS-TXO-2016-33-100-TR","https://www.digikey.com/product-detail/en/ecs-inc/ECS-TXO-2016-33-100-TR/XC3159CT-ND/10244142","",""